[{"model": "blog.blogpagegalleryimage", "pk": 1, "fields": {"sort_order": 0, "page": 5, "image": 1, "caption": ""}}, {"model": "vote.team", "pk": 1, "fields": {"name": "Doreen", "image": ""}}, {"model": "vote.team", "pk": 2, "fields": {"name": "Hanne", "image": ""}}, {"model": "vote.team", "pk": 3, "fields": {"name": "Tim", "image": ""}}, {"model": "vote.team", "pk": 4, "fields": {"name": "Jef", "image": ""}}, {"model": "vote.team", "pk": 5, "fields": {"name": "Elise", "image": ""}}, {"model": "vote.team", "pk": 6, "fields": {"name": "Toon", "image": ""}}, {"model": "vote.team", "pk": 7, "fields": {"name": "Iedereen Kapot", "image": ""}}, {"model": "vote.voting", "pk": 1, "fields": {"short_name": "GKR Schacht 18", "end": "2018-03-28T18:00:00Z", "teams": [3, 4, 6, 7]}}, {"model": "vote.voting", "pk": 2, "fields": {"short_name": "GKR Por 18", "end": "2018-03-28T18:00:00Z", "teams": [1, 2, 5]}}, {"model": "vote.vote", "pk": 1, "fields": {"team": 6, "voting": null}}, {"model": "wagtailimages.rendition", "pk": 1, "fields": {"filter_spec": "max-165x165", "file": "images/lol.max-165x165.jpg", "width": 165, "height": 110, "focal_point_key": "", "image": 1}}, {"model": "wagtailimages.rendition", "pk": 2, "fields": {"filter_spec": "fill-320x240", "file": "images/lol.2e16d0ba.fill-320x240.jpg", "width": 320, "height": 240, "focal_point_key": "2e16d0ba", "image": 1}}, {"model": "wagtailcore.site", "pk": 2, "fields": {"hostname": "localhost", "port": 80, "site_name": null, "root_page": 3, "is_default_site": true}}, {"model": "wagtailcore.collection", "pk": 1, "fields": {"path": "0001", "depth": 1, "numchild": 0, "name": "Root"}}, {"model": "contenttypes.contenttype", "pk": 1, "fields": {"app_label": "wagtailcore", "model": "page"}}, {"model": "contenttypes.contenttype", "pk": 2, "fields": {"app_label": "home", "model": "homepage"}}, {"model": "contenttypes.contenttype", "pk": 3, "fields": {"app_label": "wagtailadmin", "model": "admin"}}, {"model": "contenttypes.contenttype", "pk": 4, "fields": {"app_label": "wagtaildocs", "model": "document"}}, {"model": "contenttypes.contenttype", "pk": 5, "fields": {"app_label": "wagtailimages", "model": "image"}}, {"model": "contenttypes.contenttype", "pk": 6, "fields": {"app_label": "wagtailforms", "model": "formsubmission"}}, {"model": "contenttypes.contenttype", "pk": 7, "fields": {"app_label": "wagtailredirects", "model": "redirect"}}, {"model": "contenttypes.contenttype", "pk": 8, "fields": {"app_label": "wagtailembeds", "model": "embed"}}, {"model": "contenttypes.contenttype", "pk": 9, "fields": {"app_label": "wagtailusers", "model": "userprofile"}}, {"model": "contenttypes.contenttype", "pk": 10, "fields": {"app_label": "wagtailimages", "model": "rendition"}}, {"model": "contenttypes.contenttype", "pk": 11, "fields": {"app_label": "wagtailsearch", "model": "query"}}, {"model": "contenttypes.contenttype", "pk": 12, "fields": {"app_label": "wagtailsearch", "model": "querydailyhits"}}, {"model": "contenttypes.contenttype", "pk": 13, "fields": {"app_label": "wagtailcore", "model": "pagerevision"}}, {"model": "contenttypes.contenttype", "pk": 14, "fields": {"app_label": "wagtailcore", "model": "collection"}}, {"model": "contenttypes.contenttype", "pk": 15, "fields": {"app_label": "wagtailcore", "model": "groupcollectionpermission"}}, {"model": "contenttypes.contenttype", "pk": 16, "fields": {"app_label": "wagtailcore", "model": "grouppagepermission"}}, {"model": "contenttypes.contenttype", "pk": 17, "fields": {"app_label": "wagtailcore", "model": "collectionviewrestriction"}}, {"model": "contenttypes.contenttype", "pk": 18, "fields": {"app_label": "wagtailcore", "model": "site"}}, {"model": "contenttypes.contenttype", "pk": 19, "fields": {"app_label": "wagtailcore", "model": "pageviewrestriction"}}, {"model": "contenttypes.contenttype", "pk": 20, "fields": {"app_label": "taggit", "model": "tag"}}, {"model": "contenttypes.contenttype", "pk": 21, "fields": {"app_label": "taggit", "model": "taggeditem"}}, {"model": "contenttypes.contenttype", "pk": 22, "fields": {"app_label": "admin", "model": "logentry"}}, {"model": "contenttypes.contenttype", "pk": 23, "fields": {"app_label": "auth", "model": "user"}}, {"model": "contenttypes.contenttype", "pk": 24, "fields": {"app_label": "auth", "model": "group"}}, {"model": "contenttypes.contenttype", "pk": 25, "fields": {"app_label": "auth", "model": "permission"}}, {"model": "contenttypes.contenttype", "pk": 26, "fields": {"app_label": "contenttypes", "model": "contenttype"}}, {"model": "contenttypes.contenttype", "pk": 27, "fields": {"app_label": "sessions", "model": "session"}}, {"model": "contenttypes.contenttype", "pk": 28, "fields": {"app_label": "wagtailmedia", "model": "media"}}, {"model": "contenttypes.contenttype", "pk": 29, "fields": {"app_label": "blog", "model": "blogpagegalleryimage"}}, {"model": "contenttypes.contenttype", "pk": 30, "fields": {"app_label": "blog", "model": "blogpage"}}, {"model": "contenttypes.contenttype", "pk": 31, "fields": {"app_label": "blog", "model": "blogindexpage"}}, {"model": "contenttypes.contenttype", "pk": 32, "fields": {"app_label": "tube", "model": "blogpagewithmedia"}}, {"model": "contenttypes.contenttype", "pk": 33, "fields": {"app_label": "vote", "model": "team"}}, {"model": "contenttypes.contenttype", "pk": 34, "fields": {"app_label": "vote", "model": "voting"}}, {"model": "contenttypes.contenttype", "pk": 35, "fields": {"app_label": "vote", "model": "votingpage"}}, {"model": "contenttypes.contenttype", "pk": 36, "fields": {"app_label": "vote", "model": "vote"}}, {"model": "sessions.session", "pk": "3gix7sslzjiukz475eatcbea9ymkh4nm", "fields": {"session_data": "NzU0ZWRjMDM1MjY5ZDIyMmZiYTZiYTU2Y2VhZDQ5ODJiMGZjZGZjMzp7Il9hdXRoX3VzZXJfaWQiOiIxIiwiX2F1dGhfdXNlcl9iYWNrZW5kIjoiZGphbmdvLmNvbnRyaWIuYXV0aC5iYWNrZW5kcy5Nb2RlbEJhY2tlbmQiLCJfYXV0aF91c2VyX2hhc2giOiIyMzJlZTMwMTRjZDc5NjFhNzMyM2VjMzQzZTg5Y2QyYWI4MmIxOGI3In0=", "expire_date": "2018-03-29T20:53:51.772Z"}}, {"model": "sessions.session", "pk": "4gakiq7nx7wyh88rs42hh58zy70xfsp1", "fields": {"session_data": "NjEwMDFmZTYzOWVlOGUyYTE3M2Y1NDhkZGY1MDY2ZTY4Njk3OTVkYjp7Il9hdXRoX3VzZXJfaGFzaCI6IjIzMmVlMzAxNGNkNzk2MWE3MzIzZWMzNDNlODljZDJhYjgyYjE4YjciLCJfYXV0aF91c2VyX2JhY2tlbmQiOiJkamFuZ28uY29udHJpYi5hdXRoLmJhY2tlbmRzLk1vZGVsQmFja2VuZCIsIl9hdXRoX3VzZXJfaWQiOiIxIn0=", "expire_date": "2018-03-31T17:36:53.010Z"}}, {"model": "sessions.session", "pk": "leof25n0uxzuumoitvmwws6gyh6x44wt", "fields": {"session_data": "NTNlODUxMTdlMjY2ZGNmOTYxMGM3ZTA1YTY3NjY3YmM4NjYwYjEzYTp7Il9hdXRoX3VzZXJfaGFzaCI6IjIzMmVlMzAxNGNkNzk2MWE3MzIzZWMzNDNlODljZDJhYjgyYjE4YjciLCJfYXV0aF91c2VyX2lkIjoiMSIsIl9hdXRoX3VzZXJfYmFja2VuZCI6ImRqYW5nby5jb250cmliLmF1dGguYmFja2VuZHMuTW9kZWxCYWNrZW5kIn0=", "expire_date": "2018-03-31T21:28:52.660Z"}}, {"model": "sessions.session", "pk": "narxaf72o9jt3qymmy39vt5i8j2wxj38", "fields": {"session_data": "ODcwOGNhZDBkMzdkNWQyYTQzYTU1NGNkZWJiMjQ3MGRjZDIwNjE3MTp7Il9hdXRoX3VzZXJfaWQiOiIxIiwiX2F1dGhfdXNlcl9oYXNoIjoiMjMyZWUzMDE0Y2Q3OTYxYTczMjNlYzM0M2U4OWNkMmFiODJiMThiNyIsIl9hdXRoX3VzZXJfYmFja2VuZCI6ImRqYW5nby5jb250cmliLmF1dGguYmFja2VuZHMuTW9kZWxCYWNrZW5kIn0=", "expire_date": "2018-03-30T08:14:13.428Z"}}, {"model": "sessions.session", "pk": "nlqp5dzikz9v8q14u8vo3oj8sxfmgee8", "fields": {"session_data": "ZTRjZGY0MGIyN2JhNDVjMGU1YWJkNWI4NTRkYzYzMjJjZTE1OGJkZDp7Il9hdXRoX3VzZXJfYmFja2VuZCI6ImRqYW5nby5jb250cmliLmF1dGguYmFja2VuZHMuTW9kZWxCYWNrZW5kIiwiX2F1dGhfdXNlcl9oYXNoIjoiMjMyZWUzMDE0Y2Q3OTYxYTczMjNlYzM0M2U4OWNkMmFiODJiMThiNyIsIl9hdXRoX3VzZXJfaWQiOiIxIn0=", "expire_date": "2018-03-30T08:03:21.804Z"}}, {"model": "sessions.session", "pk": "pwrbkibunkaw4y6my54axjhhnbz2zii5", "fields": {"session_data": "ZTRjZGY0MGIyN2JhNDVjMGU1YWJkNWI4NTRkYzYzMjJjZTE1OGJkZDp7Il9hdXRoX3VzZXJfYmFja2VuZCI6ImRqYW5nby5jb250cmliLmF1dGguYmFja2VuZHMuTW9kZWxCYWNrZW5kIiwiX2F1dGhfdXNlcl9oYXNoIjoiMjMyZWUzMDE0Y2Q3OTYxYTczMjNlYzM0M2U4OWNkMmFiODJiMThiNyIsIl9hdXRoX3VzZXJfaWQiOiIxIn0=", "expire_date": "2018-03-30T08:03:54.876Z"}}, {"model": "sessions.session", "pk": "ts7k6v3zphndmv94l52uwgw8i8qaial4", "fields": {"session_data": "ZTRjZGY0MGIyN2JhNDVjMGU1YWJkNWI4NTRkYzYzMjJjZTE1OGJkZDp7Il9hdXRoX3VzZXJfYmFja2VuZCI6ImRqYW5nby5jb250cmliLmF1dGguYmFja2VuZHMuTW9kZWxCYWNrZW5kIiwiX2F1dGhfdXNlcl9oYXNoIjoiMjMyZWUzMDE0Y2Q3OTYxYTczMjNlYzM0M2U4OWNkMmFiODJiMThiNyIsIl9hdXRoX3VzZXJfaWQiOiIxIn0=", "expire_date": "2018-03-31T17:28:01.093Z"}}, {"model": "auth.permission", "pk": 1, "fields": {"name": "Can access Wagtail admin", "content_type": 3, "codename": "access_admin"}}, {"model": "auth.permission", "pk": 2, "fields": {"name": "Can add document", "content_type": 4, "codename": "add_document"}}, {"model": "auth.permission", "pk": 3, "fields": {"name": "Can change document", "content_type": 4, "codename": "change_document"}}, {"model": "auth.permission", "pk": 4, "fields": {"name": "Can delete document", "content_type": 4, "codename": "delete_document"}}, {"model": "auth.permission", "pk": 5, "fields": {"name": "Can add image", "content_type": 5, "codename": "add_image"}}, {"model": "auth.permission", "pk": 6, "fields": {"name": "Can change image", "content_type": 5, "codename": "change_image"}}, {"model": "auth.permission", "pk": 7, "fields": {"name": "Can delete image", "content_type": 5, "codename": "delete_image"}}, {"model": "auth.permission", "pk": 8, "fields": {"name": "Can add home page", "content_type": 2, "codename": "add_homepage"}}, {"model": "auth.permission", "pk": 9, "fields": {"name": "Can change home page", "content_type": 2, "codename": "change_homepage"}}, {"model": "auth.permission", "pk": 10, "fields": {"name": "Can delete home page", "content_type": 2, "codename": "delete_homepage"}}, {"model": "auth.permission", "pk": 11, "fields": {"name": "Can add form submission", "content_type": 6, "codename": "add_formsubmission"}}, {"model": "auth.permission", "pk": 12, "fields": {"name": "Can change form submission", "content_type": 6, "codename": "change_formsubmission"}}, {"model": "auth.permission", "pk": 13, "fields": {"name": "Can delete form submission", "content_type": 6, "codename": "delete_formsubmission"}}, {"model": "auth.permission", "pk": 14, "fields": {"name": "Can add redirect", "content_type": 7, "codename": "add_redirect"}}, {"model": "auth.permission", "pk": 15, "fields": {"name": "Can change redirect", "content_type": 7, "codename": "change_redirect"}}, {"model": "auth.permission", "pk": 16, "fields": {"name": "Can delete redirect", "content_type": 7, "codename": "delete_redirect"}}, {"model": "auth.permission", "pk": 17, "fields": {"name": "Can add embed", "content_type": 8, "codename": "add_embed"}}, {"model": "auth.permission", "pk": 18, "fields": {"name": "Can change embed", "content_type": 8, "codename": "change_embed"}}, {"model": "auth.permission", "pk": 19, "fields": {"name": "Can delete embed", "content_type": 8, "codename": "delete_embed"}}, {"model": "auth.permission", "pk": 20, "fields": {"name": "Can add user profile", "content_type": 9, "codename": "add_userprofile"}}, {"model": "auth.permission", "pk": 21, "fields": {"name": "Can change user profile", "content_type": 9, "codename": "change_userprofile"}}, {"model": "auth.permission", "pk": 22, "fields": {"name": "Can delete user profile", "content_type": 9, "codename": "delete_userprofile"}}, {"model": "auth.permission", "pk": 23, "fields": {"name": "Can add rendition", "content_type": 10, "codename": "add_rendition"}}, {"model": "auth.permission", "pk": 24, "fields": {"name": "Can change rendition", "content_type": 10, "codename": "change_rendition"}}, {"model": "auth.permission", "pk": 25, "fields": {"name": "Can delete rendition", "content_type": 10, "codename": "delete_rendition"}}, {"model": "auth.permission", "pk": 26, "fields": {"name": "Can add query", "content_type": 11, "codename": "add_query"}}, {"model": "auth.permission", "pk": 27, "fields": {"name": "Can change query", "content_type": 11, "codename": "change_query"}}, {"model": "auth.permission", "pk": 28, "fields": {"name": "Can delete query", "content_type": 11, "codename": "delete_query"}}, {"model": "auth.permission", "pk": 29, "fields": {"name": "Can add Query Daily Hits", "content_type": 12, "codename": "add_querydailyhits"}}, {"model": "auth.permission", "pk": 30, "fields": {"name": "Can change Query Daily Hits", "content_type": 12, "codename": "change_querydailyhits"}}, {"model": "auth.permission", "pk": 31, "fields": {"name": "Can delete Query Daily Hits", "content_type": 12, "codename": "delete_querydailyhits"}}, {"model": "auth.permission", "pk": 32, "fields": {"name": "Can add page revision", "content_type": 13, "codename": "add_pagerevision"}}, {"model": "auth.permission", "pk": 33, "fields": {"name": "Can change page revision", "content_type": 13, "codename": "change_pagerevision"}}, {"model": "auth.permission", "pk": 34, "fields": {"name": "Can delete page revision", "content_type": 13, "codename": "delete_pagerevision"}}, {"model": "auth.permission", "pk": 35, "fields": {"name": "Can add collection", "content_type": 14, "codename": "add_collection"}}, {"model": "auth.permission", "pk": 36, "fields": {"name": "Can change collection", "content_type": 14, "codename": "change_collection"}}, {"model": "auth.permission", "pk": 37, "fields": {"name": "Can delete collection", "content_type": 14, "codename": "delete_collection"}}, {"model": "auth.permission", "pk": 38, "fields": {"name": "Can add group collection permission", "content_type": 15, "codename": "add_groupcollectionpermission"}}, {"model": "auth.permission", "pk": 39, "fields": {"name": "Can change group collection permission", "content_type": 15, "codename": "change_groupcollectionpermission"}}, {"model": "auth.permission", "pk": 40, "fields": {"name": "Can delete group collection permission", "content_type": 15, "codename": "delete_groupcollectionpermission"}}, {"model": "auth.permission", "pk": 41, "fields": {"name": "Can add group page permission", "content_type": 16, "codename": "add_grouppagepermission"}}, {"model": "auth.permission", "pk": 42, "fields": {"name": "Can change group page permission", "content_type": 16, "codename": "change_grouppagepermission"}}, {"model": "auth.permission", "pk": 43, "fields": {"name": "Can delete group page permission", "content_type": 16, "codename": "delete_grouppagepermission"}}, {"model": "auth.permission", "pk": 44, "fields": {"name": "Can add collection view restriction", "content_type": 17, "codename": "add_collectionviewrestriction"}}, {"model": "auth.permission", "pk": 45, "fields": {"name": "Can change collection view restriction", "content_type": 17, "codename": "change_collectionviewrestriction"}}, {"model": "auth.permission", "pk": 46, "fields": {"name": "Can delete collection view restriction", "content_type": 17, "codename": "delete_collectionviewrestriction"}}, {"model": "auth.permission", "pk": 47, "fields": {"name": "Can add page", "content_type": 1, "codename": "add_page"}}, {"model": "auth.permission", "pk": 48, "fields": {"name": "Can change page", "content_type": 1, "codename": "change_page"}}, {"model": "auth.permission", "pk": 49, "fields": {"name": "Can delete page", "content_type": 1, "codename": "delete_page"}}, {"model": "auth.permission", "pk": 50, "fields": {"name": "Can add site", "content_type": 18, "codename": "add_site"}}, {"model": "auth.permission", "pk": 51, "fields": {"name": "Can change site", "content_type": 18, "codename": "change_site"}}, {"model": "auth.permission", "pk": 52, "fields": {"name": "Can delete site", "content_type": 18, "codename": "delete_site"}}, {"model": "auth.permission", "pk": 53, "fields": {"name": "Can add page view restriction", "content_type": 19, "codename": "add_pageviewrestriction"}}, {"model": "auth.permission", "pk": 54, "fields": {"name": "Can change page view restriction", "content_type": 19, "codename": "change_pageviewrestriction"}}, {"model": "auth.permission", "pk": 55, "fields": {"name": "Can delete page view restriction", "content_type": 19, "codename": "delete_pageviewrestriction"}}, {"model": "auth.permission", "pk": 56, "fields": {"name": "Can add Tag", "content_type": 20, "codename": "add_tag"}}, {"model": "auth.permission", "pk": 57, "fields": {"name": "Can change Tag", "content_type": 20, "codename": "change_tag"}}, {"model": "auth.permission", "pk": 58, "fields": {"name": "Can delete Tag", "content_type": 20, "codename": "delete_tag"}}, {"model": "auth.permission", "pk": 59, "fields": {"name": "Can add Tagged Item", "content_type": 21, "codename": "add_taggeditem"}}, {"model": "auth.permission", "pk": 60, "fields": {"name": "Can change Tagged Item", "content_type": 21, "codename": "change_taggeditem"}}, {"model": "auth.permission", "pk": 61, "fields": {"name": "Can delete Tagged Item", "content_type": 21, "codename": "delete_taggeditem"}}, {"model": "auth.permission", "pk": 62, "fields": {"name": "Can add log entry", "content_type": 22, "codename": "add_logentry"}}, {"model": "auth.permission", "pk": 63, "fields": {"name": "Can change log entry", "content_type": 22, "codename": "change_logentry"}}, {"model": "auth.permission", "pk": 64, "fields": {"name": "Can delete log entry", "content_type": 22, "codename": "delete_logentry"}}, {"model": "auth.permission", "pk": 65, "fields": {"name": "Can add user", "content_type": 23, "codename": "add_user"}}, {"model": "auth.permission", "pk": 66, "fields": {"name": "Can change user", "content_type": 23, "codename": "change_user"}}, {"model": "auth.permission", "pk": 67, "fields": {"name": "Can delete user", "content_type": 23, "codename": "delete_user"}}, {"model": "auth.permission", "pk": 68, "fields": {"name": "Can add group", "content_type": 24, "codename": "add_group"}}, {"model": "auth.permission", "pk": 69, "fields": {"name": "Can change group", "content_type": 24, "codename": "change_group"}}, {"model": "auth.permission", "pk": 70, "fields": {"name": "Can delete group", "content_type": 24, "codename": "delete_group"}}, {"model": "auth.permission", "pk": 71, "fields": {"name": "Can add permission", "content_type": 25, "codename": "add_permission"}}, {"model": "auth.permission", "pk": 72, "fields": {"name": "Can change permission", "content_type": 25, "codename": "change_permission"}}, {"model": "auth.permission", "pk": 73, "fields": {"name": "Can delete permission", "content_type": 25, "codename": "delete_permission"}}, {"model": "auth.permission", "pk": 74, "fields": {"name": "Can add content type", "content_type": 26, "codename": "add_contenttype"}}, {"model": "auth.permission", "pk": 75, "fields": {"name": "Can change content type", "content_type": 26, "codename": "change_contenttype"}}, {"model": "auth.permission", "pk": 76, "fields": {"name": "Can delete content type", "content_type": 26, "codename": "delete_contenttype"}}, {"model": "auth.permission", "pk": 77, "fields": {"name": "Can add session", "content_type": 27, "codename": "add_session"}}, {"model": "auth.permission", "pk": 78, "fields": {"name": "Can change session", "content_type": 27, "codename": "change_session"}}, {"model": "auth.permission", "pk": 79, "fields": {"name": "Can delete session", "content_type": 27, "codename": "delete_session"}}, {"model": "auth.permission", "pk": 80, "fields": {"name": "Can add media", "content_type": 28, "codename": "add_media"}}, {"model": "auth.permission", "pk": 81, "fields": {"name": "Can change media", "content_type": 28, "codename": "change_media"}}, {"model": "auth.permission", "pk": 82, "fields": {"name": "Can delete media", "content_type": 28, "codename": "delete_media"}}, {"model": "auth.permission", "pk": 83, "fields": {"name": "Can add blog page gallery image", "content_type": 29, "codename": "add_blogpagegalleryimage"}}, {"model": "auth.permission", "pk": 84, "fields": {"name": "Can change blog page gallery image", "content_type": 29, "codename": "change_blogpagegalleryimage"}}, {"model": "auth.permission", "pk": 85, "fields": {"name": "Can delete blog page gallery image", "content_type": 29, "codename": "delete_blogpagegalleryimage"}}, {"model": "auth.permission", "pk": 86, "fields": {"name": "Can add blog page", "content_type": 30, "codename": "add_blogpage"}}, {"model": "auth.permission", "pk": 87, "fields": {"name": "Can change blog page", "content_type": 30, "codename": "change_blogpage"}}, {"model": "auth.permission", "pk": 88, "fields": {"name": "Can delete blog page", "content_type": 30, "codename": "delete_blogpage"}}, {"model": "auth.permission", "pk": 89, "fields": {"name": "Can add blog index page", "content_type": 31, "codename": "add_blogindexpage"}}, {"model": "auth.permission", "pk": 90, "fields": {"name": "Can change blog index page", "content_type": 31, "codename": "change_blogindexpage"}}, {"model": "auth.permission", "pk": 91, "fields": {"name": "Can delete blog index page", "content_type": 31, "codename": "delete_blogindexpage"}}, {"model": "auth.permission", "pk": 92, "fields": {"name": "Can add blog page with media", "content_type": 32, "codename": "add_blogpagewithmedia"}}, {"model": "auth.permission", "pk": 93, "fields": {"name": "Can change blog page with media", "content_type": 32, "codename": "change_blogpagewithmedia"}}, {"model": "auth.permission", "pk": 94, "fields": {"name": "Can delete blog page with media", "content_type": 32, "codename": "delete_blogpagewithmedia"}}, {"model": "auth.permission", "pk": 95, "fields": {"name": "Can add team", "content_type": 33, "codename": "add_team"}}, {"model": "auth.permission", "pk": 96, "fields": {"name": "Can change team", "content_type": 33, "codename": "change_team"}}, {"model": "auth.permission", "pk": 97, "fields": {"name": "Can delete team", "content_type": 33, "codename": "delete_team"}}, {"model": "auth.permission", "pk": 98, "fields": {"name": "Can add voting", "content_type": 34, "codename": "add_voting"}}, {"model": "auth.permission", "pk": 99, "fields": {"name": "Can change voting", "content_type": 34, "codename": "change_voting"}}, {"model": "auth.permission", "pk": 100, "fields": {"name": "Can delete voting", "content_type": 34, "codename": "delete_voting"}}, {"model": "auth.permission", "pk": 101, "fields": {"name": "Can add voting page", "content_type": 35, "codename": "add_votingpage"}}, {"model": "auth.permission", "pk": 102, "fields": {"name": "Can change voting page", "content_type": 35, "codename": "change_votingpage"}}, {"model": "auth.permission", "pk": 103, "fields": {"name": "Can delete voting page", "content_type": 35, "codename": "delete_votingpage"}}, {"model": "auth.permission", "pk": 104, "fields": {"name": "Can add vote", "content_type": 36, "codename": "add_vote"}}, {"model": "auth.permission", "pk": 105, "fields": {"name": "Can change vote", "content_type": 36, "codename": "change_vote"}}, {"model": "auth.permission", "pk": 106, "fields": {"name": "Can delete vote", "content_type": 36, "codename": "delete_vote"}}, {"model": "auth.group", "pk": 1, "fields": {"name": "Moderators", "permissions": [1, 2, 3, 4, 5, 6, 7, 80, 81, 82]}}, {"model": "auth.group", "pk": 2, "fields": {"name": "Editors", "permissions": [1, 2, 3, 4, 5, 6, 7, 80, 81, 82]}}, {"model": "auth.user", "pk": 1, "fields": {"password": "pbkdf2_sha256$36000$rW5FY9uoKdM7$2Pki0Snyef/Vswi5zmT1sdpuNaSzXiej2Nrkdwn4jbY=", "last_login": "2018-03-17T21:28:52.655Z", "is_superuser": true, "username": "stan", "first_name": "", "last_name": "", "email": "", "is_staff": true, "is_active": true, "date_joined": "2018-03-15T20:53:27.359Z", "groups": [], "user_permissions": []}}, {"model": "admin.logentry", "pk": 1, "fields": {"action_time": "2018-03-17T17:30:58.988Z", "user": 1, "content_type": 33, "object_id": "1", "object_repr": "Team object", "action_flag": 1, "change_message": "[{\"added\": {}}]"}}, {"model": "admin.logentry", "pk": 2, "fields": {"action_time": "2018-03-17T17:33:19.974Z", "user": 1, "content_type": 33, "object_id": "2", "object_repr": "Hanne", "action_flag": 1, "change_message": "[{\"added\": {}}]"}}, {"model": "admin.logentry", "pk": 3, "fields": {"action_time": "2018-03-17T17:33:24.910Z", "user": 1, "content_type": 33, "object_id": "3", "object_repr": "Tim", "action_flag": 1, "change_message": "[{\"added\": {}}]"}}, {"model": "admin.logentry", "pk": 4, "fields": {"action_time": "2018-03-17T17:33:28.676Z", "user": 1, "content_type": 33, "object_id": "4", "object_repr": "jef", "action_flag": 1, "change_message": "[{\"added\": {}}]"}}, {"model": "admin.logentry", "pk": 5, "fields": {"action_time": "2018-03-17T17:33:35.226Z", "user": 1, "content_type": 33, "object_id": "4", "object_repr": "Jef", "action_flag": 2, "change_message": "[{\"changed\": {\"fields\": [\"name\"]}}]"}}, {"model": "admin.logentry", "pk": 6, "fields": {"action_time": "2018-03-17T17:37:00.599Z", "user": 1, "content_type": 33, "object_id": "5", "object_repr": "Elise", "action_flag": 1, "change_message": "[{\"added\": {}}]"}}, {"model": "admin.logentry", "pk": 7, "fields": {"action_time": "2018-03-17T17:37:04.149Z", "user": 1, "content_type": 33, "object_id": "6", "object_repr": "Toon", "action_flag": 1, "change_message": "[{\"added\": {}}]"}}, {"model": "admin.logentry", "pk": 8, "fields": {"action_time": "2018-03-17T17:37:23.377Z", "user": 1, "content_type": 33, "object_id": "7", "object_repr": "Iedereen Kapot", "action_flag": 1, "change_message": "[{\"added\": {}}]"}}, {"model": "admin.logentry", "pk": 9, "fields": {"action_time": "2018-03-17T17:39:35.647Z", "user": 1, "content_type": 34, "object_id": "1", "object_repr": "GKR Schacht 18 {'Iedereen Kapot': 0, 'finished': False, 'Jef': 0, 'Toon': 0, 'Tim': 0}", "action_flag": 1, "change_message": "[{\"added\": {}}]"}}, {"model": "admin.logentry", "pk": 10, "fields": {"action_time": "2018-03-17T17:39:59.896Z", "user": 1, "content_type": 34, "object_id": "2", "object_repr": "GKR Por 18 {'finished': False, 'Doreen': 0, 'Hanne': 0, 'Elise': 0}", "action_flag": 1, "change_message": "[{\"added\": {}}]"}}, {"model": "admin.logentry", "pk": 11, "fields": {"action_time": "2018-03-17T17:40:57.982Z", "user": 1, "content_type": 36, "object_id": "1", "object_repr": "GKR Schacht 18 {'Iedereen Kapot': 0, 'finished': False, 'Jef': 0, 'Toon': 1, 'Tim': 0} for Toon", "action_flag": 1, "change_message": "[{\"added\": {}}]"}}, {"model": "admin.logentry", "pk": 12, "fields": {"action_time": "2018-03-18T10:58:44.618Z", "user": 1, "content_type": 35, "object_id": "7", "object_repr": "Go Kart Race Schacht", "action_flag": 2, "change_message": "[{\"changed\": {\"fields\": [\"votings\"]}}]"}}, {"model": "wagtailcore.groupcollectionpermission", "pk": 1, "fields": {"group": 2, "collection": 1, "permission": 2}}, {"model": "wagtailcore.groupcollectionpermission", "pk": 2, "fields": {"group": 1, "collection": 1, "permission": 2}}, {"model": "wagtailcore.groupcollectionpermission", "pk": 3, "fields": {"group": 2, "collection": 1, "permission": 3}}, {"model": "wagtailcore.groupcollectionpermission", "pk": 4, "fields": {"group": 1, "collection": 1, "permission": 3}}, {"model": "wagtailcore.groupcollectionpermission", "pk": 5, "fields": {"group": 2, "collection": 1, "permission": 5}}, {"model": "wagtailcore.groupcollectionpermission", "pk": 6, "fields": {"group": 1, "collection": 1, "permission": 5}}, {"model": "wagtailcore.groupcollectionpermission", "pk": 7, "fields": {"group": 2, "collection": 1, "permission": 6}}, {"model": "wagtailcore.groupcollectionpermission", "pk": 8, "fields": {"group": 1, "collection": 1, "permission": 6}}, {"model": "wagtailcore.groupcollectionpermission", "pk": 9, "fields": {"group": 2, "collection": 1, "permission": 80}}, {"model": "wagtailcore.groupcollectionpermission", "pk": 10, "fields": {"group": 1, "collection": 1, "permission": 80}}, {"model": "wagtailcore.groupcollectionpermission", "pk": 11, "fields": {"group": 2, "collection": 1, "permission": 81}}, {"model": "wagtailcore.groupcollectionpermission", "pk": 12, "fields": {"group": 1, "collection": 1, "permission": 81}}, {"model": "wagtailcore.grouppagepermission", "pk": 1, "fields": {"group": 1, "page": 1, "permission_type": "add"}}, {"model": "wagtailcore.grouppagepermission", "pk": 2, "fields": {"group": 1, "page": 1, "permission_type": "edit"}}, {"model": "wagtailcore.grouppagepermission", "pk": 3, "fields": {"group": 1, "page": 1, "permission_type": "publish"}}, {"model": "wagtailcore.grouppagepermission", "pk": 4, "fields": {"group": 2, "page": 1, "permission_type": "add"}}, {"model": "wagtailcore.grouppagepermission", "pk": 5, "fields": {"group": 2, "page": 1, "permission_type": "edit"}}, {"model": "wagtailcore.grouppagepermission", "pk": 6, "fields": {"group": 1, "page": 1, "permission_type": "lock"}}, {"model": "wagtailcore.pagerevision", "pk": 1, "fields": {"page": 4, "submitted_for_moderation": false, "created_at": "2018-03-15T20:59:38.721Z", "user": 1, "content_json": "{\"path\": \"000100010001\", \"owner\": 1, \"last_published_at\": null, \"has_unpublished_changes\": false, \"show_in_menus\": false, \"live_revision\": null, \"title\": \"Go Kart Mowgli 2018\", \"locked\": false, \"url_path\": \"/home/go-kart-mowgli-2018/\", \"first_published_at\": null, \"expire_at\": null, \"latest_revision_created_at\": null, \"search_description\": \"\", \"numchild\": 0, \"pk\": 4, \"intro\": \"<h5>JavaScriptor Dixit</h5><p><hr/></p><h5>Liefste lezers</h5><p>Met de nodige trots presenteer ik jullie de allereerste Mowgli.\\u00a0</p><p><br/></p><p><br/></p><p><br/></p><p>Dixit Stanneman,</p><p>WINAK (Java)Scriptor \\u00a0 \\u00a0 \\u00a0 \\u00a0 \\u00a0 \\u00a0 2017-2018</p>\", \"depth\": 3, \"expired\": false, \"content_type\": 31, \"seo_title\": \"\", \"live\": true, \"slug\": \"go-kart-mowgli-2018\", \"draft_title\": \"Go Kart Mowgli 2018\", \"go_live_at\": null}", "approved_go_live_at": null}}, {"model": "wagtailcore.pagerevision", "pk": 2, "fields": {"page": 4, "submitted_for_moderation": false, "created_at": "2018-03-15T21:06:08.942Z", "user": 1, "content_json": "{\"path\": \"000100010001\", \"owner\": 1, \"last_published_at\": \"2018-03-15T20:59:38.743Z\", \"has_unpublished_changes\": false, \"show_in_menus\": false, \"live_revision\": 1, \"title\": \"Go Kart Mowgli 2018\", \"locked\": false, \"url_path\": \"/home/go-kart-mowgli-2018/\", \"first_published_at\": \"2018-03-15T20:59:38.743Z\", \"expire_at\": null, \"latest_revision_created_at\": \"2018-03-15T20:59:38.721Z\", \"search_description\": \"\", \"numchild\": 0, \"pk\": 4, \"intro\": \"<h5>JavaScriptor Dixit</h5><p></p><hr/><p></p><h5>Liefste lezers</h5><p>Met de nodige trots presenteer ik jullie de allereerste Mowgli.\\u00a0</p><p><br/></p><p><br/></p><p><br/></p><p>Dixit Stanneman,</p><p>WINAK (Java)Scriptor \\u00a0 \\u00a0 \\u00a0 \\u00a0 \\u00a0 \\u00a0 2017-2018</p>\", \"depth\": 3, \"expired\": false, \"content_type\": 31, \"seo_title\": \"Baloe\", \"live\": true, \"slug\": \"baloe\", \"draft_title\": \"Go Kart Mowgli 2018\", \"go_live_at\": null}", "approved_go_live_at": null}}, {"model": "wagtailcore.pagerevision", "pk": 3, "fields": {"page": 5, "submitted_for_moderation": false, "created_at": "2018-03-15T21:07:42.091Z", "user": 1, "content_json": "{\"path\": \"0001000100010001\", \"gallery_images\": [{\"sort_order\": 0, \"pk\": 1, \"caption\": \"\", \"page\": 5, \"image\": 1}], \"owner\": 1, \"last_published_at\": null, \"body\": \"<p>Cum sociis natoque penatibus et magnis dis parturient montes, nascetur ridiculus mus. Donec sed odio dui. Etiam porta sem malesuada magna mollis euismod. Cras justo odio, dapibus ac facilisis in, egestas eget quam. Cras mattis consectetur purus sit amet fermentum.</p><p><br/></p><p>Donec ullamcorper nulla non metus auctor fringilla. Vestibulum id ligula porta felis euismod semper. Nullam id dolor id nibh ultricies vehicula ut id elit. Aenean lacinia bibendum nulla sed consectetur. Donec id elit non mi porta gravida at eget metus.</p><p><br/></p><p>Maecenas faucibus mollis interdum. Nullam id dolor id nibh ultricies vehicula ut id elit. Morbi leo risus, porta ac consectetur ac, vestibulum at eros. Nullam id dolor id nibh ultricies vehicula ut id elit.</p><p><br/></p><p>Donec ullamcorper nulla non metus auctor fringilla. Donec sed odio dui. Etiam porta sem malesuada magna mollis euismod. Sed posuere consectetur est at lobortis. Cum sociis natoque penatibus et magnis dis parturient montes, nascetur ridiculus mus.</p><p><i>Dixit Lorum Ipsum</i></p>\", \"has_unpublished_changes\": false, \"show_in_menus\": false, \"live_revision\": null, \"title\": \"Go Kart Race 2018\", \"locked\": false, \"url_path\": \"/home/baloe/go-kart-race-2018/\", \"first_published_at\": null, \"expire_at\": null, \"latest_revision_created_at\": null, \"search_description\": \"\", \"numchild\": 0, \"pk\": 5, \"intro\": \"Go kart race\", \"depth\": 4, \"date\": \"2018-03-15\", \"expired\": false, \"content_type\": 30, \"seo_title\": \"\", \"live\": true, \"slug\": \"go-kart-race-2018\", \"draft_title\": \"Go Kart Race 2018\", \"go_live_at\": null}", "approved_go_live_at": null}}, {"model": "wagtailcore.pagerevision", "pk": 4, "fields": {"page": 5, "submitted_for_moderation": false, "created_at": "2018-03-15T21:08:51.931Z", "user": 1, "content_json": "{\"path\": \"0001000100010001\", \"gallery_images\": [{\"sort_order\": 0, \"pk\": 1, \"caption\": \"\", \"page\": 5, \"image\": 1}], \"owner\": 1, \"last_published_at\": \"2018-03-15T21:07:42.117Z\", \"body\": \"<p>Cum sociis natoque penatibus et magnis dis parturient montes, nascetur ridiculus mus. Donec sed odio dui. Etiam porta sem malesuada magna mollis euismod. Cras justo odio, dapibus ac facilisis in, egestas eget quam. Cras mattis consectetur purus sit amet fermentum.</p><p><br/></p><p>Donec ullamcorper nulla non metus auctor fringilla. Vestibulum id ligula porta felis euismod semper. Nullam id dolor id nibh ultricies vehicula ut id elit. Aenean lacinia bibendum nulla sed consectetur. Donec id elit non mi porta gravida at eget metus.</p><p><br/></p><p>Maecenas faucibus mollis interdum. Nullam id dolor id nibh ultricies vehicula ut id elit. Morbi leo risus, porta ac consectetur ac, vestibulum at eros. Nullam id dolor id nibh ultricies vehicula ut id elit.</p><p><br/></p><p>Donec ullamcorper nulla non metus auctor fringilla. Donec sed odio dui. Etiam porta sem malesuada magna mollis euismod. Sed posuere consectetur est at lobortis. Cum sociis natoque penatibus et magnis dis parturient montes, nascetur ridiculus mus.</p><p><i>Dixit Lorum Ipsum</i></p>\", \"has_unpublished_changes\": false, \"show_in_menus\": false, \"live_revision\": 3, \"title\": \"Go Kart Race 2018\", \"locked\": false, \"url_path\": \"/home/baloe/go-kart-race-2018/\", \"first_published_at\": \"2018-03-15T21:07:42.117Z\", \"expire_at\": null, \"latest_revision_created_at\": \"2018-03-15T21:07:42.091Z\", \"search_description\": \"\", \"numchild\": 0, \"pk\": 5, \"intro\": \"Welke schacht crasht vandaag?\", \"depth\": 4, \"date\": \"2018-03-15\", \"expired\": false, \"content_type\": 30, \"seo_title\": \"\", \"live\": true, \"slug\": \"go-kart-race-2018\", \"draft_title\": \"Go Kart Race 2018\", \"go_live_at\": null}", "approved_go_live_at": null}}, {"model": "wagtailcore.pagerevision", "pk": 5, "fields": {"page": 6, "submitted_for_moderation": false, "created_at": "2018-03-15T21:14:24.664Z", "user": 1, "content_json": "{\"path\": \"0001000100010002\", \"gallery_images\": [], \"owner\": 1, \"last_published_at\": null, \"body\": \"<p>Aenean lacinia bibendum nulla sed consectetur. Aenean lacinia bibendum nulla sed consectetur. Curabitur blandit tempus porttitor. Praesent commodo cursus magna, vel scelerisque nisl consectetur et.</p><p><br/></p><p>Etiam porta sem malesuada magna mollis euismod. Aenean lacinia bibendum nulla sed consectetur. Sed posuere consectetur est at lobortis. Integer posuere erat a ante venenatis dapibus posuere velit aliquet. Fusce dapibus, tellus ac cursus commodo, tortor mauris condimentum nibh, ut fermentum massa justo sit amet risus. Sed posuere consectetur est at lobortis. Donec ullamcorper nulla non metus auctor fringilla.</p>\", \"has_unpublished_changes\": false, \"show_in_menus\": false, \"live_revision\": null, \"title\": \"WOZ Cantus\", \"locked\": false, \"url_path\": \"/home/baloe/woz-cantus/\", \"first_published_at\": null, \"expire_at\": null, \"latest_revision_created_at\": null, \"search_description\": \"\", \"numchild\": 0, \"pk\": 6, \"intro\": \"WINAK Ouw Zakken, kunnen ze nog drinken?\", \"depth\": 4, \"date\": \"2018-03-16\", \"expired\": false, \"content_type\": 30, \"seo_title\": \"\", \"live\": true, \"slug\": \"woz-cantus\", \"draft_title\": \"WOZ Cantus\", \"go_live_at\": null}", "approved_go_live_at": null}}, {"model": "wagtailcore.pagerevision", "pk": 6, "fields": {"page": 7, "submitted_for_moderation": false, "created_at": "2018-03-17T17:44:15.810Z", "user": 1, "content_json": "{\"expire_at\": null, \"body\": \"<p>Donec id elit non mi porta gravida at eget metus. Duis mollis, est non commodo luctus, nisi erat porttitor ligula, eget lacinia odio sem nec elit. Maecenas faucibus mollis interdum. Morbi leo risus, porta ac consectetur ac, vestibulum at eros.</p>\", \"last_published_at\": null, \"live\": true, \"slug\": \"go-kart-race-schacht\", \"live_revision\": null, \"owner\": 1, \"seo_title\": \"\", \"url_path\": \"/home/baloe/go-kart-race-schacht/\", \"first_published_at\": null, \"intro\": \"Welke schacht crasht vandaag? \\ud83d\\udeec \\ud83d\\udca5\", \"content_type\": 35, \"title\": \"Go Kart Race Schacht\", \"latest_revision_created_at\": null, \"locked\": false, \"depth\": 4, \"go_live_at\": null, \"pk\": 7, \"draft_title\": \"Go Kart Race Schacht\", \"show_in_menus\": false, \"expired\": false, \"path\": \"0001000100010003\", \"numchild\": 0, \"has_unpublished_changes\": false, \"voting\": 1, \"search_description\": \"\"}", "approved_go_live_at": null}}, {"model": "wagtailcore.pagerevision", "pk": 7, "fields": {"page": 8, "submitted_for_moderation": false, "created_at": "2018-03-17T17:44:52.799Z", "user": 1, "content_json": "{\"expire_at\": null, \"body\": \"<p>Donec id elit non mi porta gravida at eget metus. Duis mollis, est non commodo luctus, nisi erat porttitor ligula, eget lacinia odio sem nec elit. Maecenas faucibus mollis interdum. Morbi leo risus, porta ac consectetur ac, vestibulum at eros.</p>\", \"last_published_at\": null, \"live\": true, \"slug\": \"go-kart-race-por\", \"live_revision\": null, \"owner\": 1, \"seo_title\": \"\", \"url_path\": \"/home/baloe/go-kart-race-por/\", \"first_published_at\": null, \"intro\": \"Welke por vliegt in de bosjes?\", \"content_type\": 35, \"title\": \"Go Kart Race Por\", \"latest_revision_created_at\": null, \"locked\": false, \"depth\": 4, \"go_live_at\": null, \"pk\": 8, \"draft_title\": \"Go Kart Race Por\", \"show_in_menus\": false, \"expired\": false, \"path\": \"0001000100010004\", \"numchild\": 0, \"has_unpublished_changes\": false, \"voting\": 2, \"search_description\": \"\"}", "approved_go_live_at": null}}, {"model": "wagtailcore.pagerevision", "pk": 8, "fields": {"page": 7, "submitted_for_moderation": false, "created_at": "2018-03-18T10:48:15.492Z", "user": 1, "content_json": "{\"pk\": 7, \"expire_at\": null, \"content_type\": 35, \"body\": \"<p>Donec id elit non mi porta gravida at eget metus. Duis mollis, est non commodo luctus, nisi erat porttitor ligula, eget lacinia odio sem nec elit. Maecenas faucibus mollis interdum. Morbi leo risus, porta ac consectetur ac, vestibulum at eros.</p>\", \"live\": true, \"draft_title\": \"Go Kart Race Schacht\", \"show_in_menus\": false, \"first_published_at\": \"2018-03-17T17:44:15.891Z\", \"depth\": 4, \"expired\": false, \"last_published_at\": \"2018-03-17T17:44:15.891Z\", \"locked\": false, \"seo_title\": \"\", \"latest_revision_created_at\": \"2018-03-17T17:44:15.810Z\", \"title\": \"Go Kart Race Schacht\", \"path\": \"0001000100010003\", \"owner\": 1, \"go_live_at\": null, \"slug\": \"go-kart-race-schacht\", \"voting\": true, \"intro\": \"Welke schacht crasht vandaag? \\ud83d\\udeec \\ud83d\\udca5\", \"live_revision\": 6, \"url_path\": \"/home/baloe/go-kart-race-schacht/\", \"search_description\": \"\", \"has_unpublished_changes\": false, \"numchild\": 0}", "approved_go_live_at": null}}, {"model": "wagtailcore.pagerevision", "pk": 9, "fields": {"page": 7, "submitted_for_moderation": false, "created_at": "2018-03-18T10:48:32.636Z", "user": 1, "content_json": "{\"pk\": 7, \"expire_at\": null, \"content_type\": 35, \"body\": \"<p>Donec id elit non mi porta gravida at eget metus. Duis mollis, est non commodo luctus, nisi erat porttitor ligula, eget lacinia odio sem nec elit. Maecenas faucibus mollis interdum. Morbi leo risus, porta ac consectetur ac, vestibulum at eros.</p>\", \"live\": true, \"draft_title\": \"Go Kart Race Schacht\", \"show_in_menus\": false, \"first_published_at\": \"2018-03-17T17:44:15.891Z\", \"depth\": 4, \"expired\": false, \"last_published_at\": \"2018-03-18T10:48:15.532Z\", \"locked\": false, \"seo_title\": \"\", \"latest_revision_created_at\": \"2018-03-18T10:48:15.492Z\", \"title\": \"Go Kart Race Schacht\", \"path\": \"0001000100010003\", \"owner\": 1, \"go_live_at\": null, \"slug\": \"go-kart-race-schacht\", \"voting\": true, \"intro\": \"Welke schacht crasht vandaag? \\ud83d\\udeec \\ud83d\\udca5\", \"live_revision\": 8, \"url_path\": \"/home/baloe/go-kart-race-schacht/\", \"search_description\": \"\", \"has_unpublished_changes\": false, \"numchild\": 0}", "approved_go_live_at": null}}, {"model": "wagtailcore.page", "pk": 1, "fields": {"path": "0001", "depth": 1, "numchild": 1, "title": "Root", "draft_title": "Root", "slug": "root", "content_type": 1, "live": true, "has_unpublished_changes": false, "url_path": "/", "owner": null, "seo_title": "", "show_in_menus": false, "search_description": "", "go_live_at": null, "expire_at": null, "expired": false, "locked": false, "first_published_at": null, "last_published_at": null, "latest_revision_created_at": null, "live_revision": null}}, {"model": "wagtailcore.page", "pk": 3, "fields": {"path": "00010001", "depth": 2, "numchild": 1, "title": "Home", "draft_title": "Home", "slug": "home", "content_type": 2, "live": true, "has_unpublished_changes": false, "url_path": "/home/", "owner": null, "seo_title": "", "show_in_menus": false, "search_description": "", "go_live_at": null, "expire_at": null, "expired": false, "locked": false, "first_published_at": null, "last_published_at": null, "latest_revision_created_at": null, "live_revision": null}}, {"model": "wagtailcore.page", "pk": 4, "fields": {"path": "000100010001", "depth": 3, "numchild": 4, "title": "Go Kart Mowgli 2018", "draft_title": "Go Kart Mowgli 2018", "slug": "baloe", "content_type": 31, "live": true, "has_unpublished_changes": false, "url_path": "/home/baloe/", "owner": 1, "seo_title": "Baloe", "show_in_menus": false, "search_description": "", "go_live_at": null, "expire_at": null, "expired": false, "locked": false, "first_published_at": "2018-03-15T20:59:38.743Z", "last_published_at": "2018-03-15T21:06:08.973Z", "latest_revision_created_at": "2018-03-15T21:06:08.942Z", "live_revision": 2}}, {"model": "wagtailcore.page", "pk": 5, "fields": {"path": "0001000100010001", "depth": 4, "numchild": 0, "title": "Go Kart Race 2018", "draft_title": "Go Kart Race 2018", "slug": "go-kart-race-2018", "content_type": 30, "live": true, "has_unpublished_changes": false, "url_path": "/home/baloe/go-kart-race-2018/", "owner": 1, "seo_title": "", "show_in_menus": false, "search_description": "", "go_live_at": null, "expire_at": null, "expired": false, "locked": false, "first_published_at": "2018-03-15T21:07:42.117Z", "last_published_at": "2018-03-15T21:08:51.958Z", "latest_revision_created_at": "2018-03-15T21:08:51.931Z", "live_revision": 4}}, {"model": "wagtailcore.page", "pk": 6, "fields": {"path": "0001000100010002", "depth": 4, "numchild": 0, "title": "WOZ Cantus", "draft_title": "WOZ Cantus", "slug": "woz-cantus", "content_type": 30, "live": true, "has_unpublished_changes": false, "url_path": "/home/baloe/woz-cantus/", "owner": 1, "seo_title": "", "show_in_menus": false, "search_description": "", "go_live_at": null, "expire_at": null, "expired": false, "locked": false, "first_published_at": "2018-03-15T21:14:24.695Z", "last_published_at": "2018-03-15T21:14:24.695Z", "latest_revision_created_at": "2018-03-15T21:14:24.664Z", "live_revision": 5}}, {"model": "wagtailcore.page", "pk": 7, "fields": {"path": "0001000100010003", "depth": 4, "numchild": 0, "title": "Go Kart Race Schacht", "draft_title": "Go Kart Race Schacht", "slug": "go-kart-race-schacht", "content_type": 35, "live": true, "has_unpublished_changes": false, "url_path": "/home/baloe/go-kart-race-schacht/", "owner": 1, "seo_title": "", "show_in_menus": false, "search_description": "", "go_live_at": null, "expire_at": null, "expired": false, "locked": false, "first_published_at": "2018-03-17T17:44:15Z", "last_published_at": "2018-03-18T10:48:32.668Z", "latest_revision_created_at": "2018-03-18T10:48:32.636Z", "live_revision": 9}}, {"model": "wagtailcore.page", "pk": 8, "fields": {"path": "0001000100010004", "depth": 4, "numchild": 0, "title": "Go Kart Race Por", "draft_title": "Go Kart Race Por", "slug": "go-kart-race-por", "content_type": 35, "live": true, "has_unpublished_changes": false, "url_path": "/home/baloe/go-kart-race-por/", "owner": 1, "seo_title": "", "show_in_menus": false, "search_description": "", "go_live_at": null, "expire_at": null, "expired": false, "locked": false, "first_published_at": "2018-03-17T17:44:52.831Z", "last_published_at": "2018-03-17T17:44:52.831Z", "latest_revision_created_at": "2018-03-17T17:44:52.799Z", "live_revision": 7}}, {"model": "wagtailimages.image", "pk": 1, "fields": {"collection": 1, "title": "MAS", "file": "original_images/lol.jpg", "width": 1500, "height": 1000, "created_at": "2018-03-15T21:07:37.313Z", "uploaded_by_user": 1, "focal_point_x": null, "focal_point_y": null, "focal_point_width": null, "focal_point_height": null, "file_size": null}}, {"model": "wagtailmedia.media", "pk": 1, "fields": {"collection": 1, "title": "Fredje post zijn tanden", "file": "media/video-1520160807.mp4", "type": "video", "duration": 10, "width": null, "height": null, "thumbnail": "", "created_at": "2018-03-15T21:44:01.515Z", "uploaded_by_user": 1}}, {"model": "vote.votingpage", "pk": 7, "fields": {"intro": "Welke schacht crasht vandaag? \ud83d\udeec \ud83d\udca5", "body": "<p>Donec id elit non mi porta gravida at eget metus. Duis mollis, est non commodo luctus, nisi erat porttitor ligula, eget lacinia odio sem nec elit. Maecenas faucibus mollis interdum. Morbi leo risus, porta ac consectetur ac, vestibulum at eros.</p>", "voting": true, "votings": [1, 2]}}, {"model": "vote.votingpage", "pk": 8, "fields": {"intro": "Welke por vliegt in de bosjes?", "body": "<p>Donec id elit non mi porta gravida at eget metus. Duis mollis, est non commodo luctus, nisi erat porttitor ligula, eget lacinia odio sem nec elit. Maecenas faucibus mollis interdum. Morbi leo risus, porta ac consectetur ac, vestibulum at eros.</p>", "voting": true, "votings": []}}, {"model": "blog.blogpage", "pk": 5, "fields": {"date": "2018-03-15", "intro": "Welke schacht crasht vandaag?", "body": "<p>Cum sociis natoque penatibus et magnis dis parturient montes, nascetur ridiculus mus. Donec sed odio dui. Etiam porta sem malesuada magna mollis euismod. Cras justo odio, dapibus ac facilisis in, egestas eget quam. Cras mattis consectetur purus sit amet fermentum.</p><p><br/></p><p>Donec ullamcorper nulla non metus auctor fringilla. Vestibulum id ligula porta felis euismod semper. Nullam id dolor id nibh ultricies vehicula ut id elit. Aenean lacinia bibendum nulla sed consectetur. Donec id elit non mi porta gravida at eget metus.</p><p><br/></p><p>Maecenas faucibus mollis interdum. Nullam id dolor id nibh ultricies vehicula ut id elit. Morbi leo risus, porta ac consectetur ac, vestibulum at eros. Nullam id dolor id nibh ultricies vehicula ut id elit.</p><p><br/></p><p>Donec ullamcorper nulla non metus auctor fringilla. Donec sed odio dui. Etiam porta sem malesuada magna mollis euismod. Sed posuere consectetur est at lobortis. Cum sociis natoque penatibus et magnis dis parturient montes, nascetur ridiculus mus.</p><p><i>Dixit Lorum Ipsum</i></p>"}}, {"model": "blog.blogpage", "pk": 6, "fields": {"date": "2018-03-16", "intro": "WINAK Ouw Zakken, kunnen ze nog drinken?", "body": "<p>Aenean lacinia bibendum nulla sed consectetur. Aenean lacinia bibendum nulla sed consectetur. Curabitur blandit tempus porttitor. Praesent commodo cursus magna, vel scelerisque nisl consectetur et.</p><p><br/></p><p>Etiam porta sem malesuada magna mollis euismod. Aenean lacinia bibendum nulla sed consectetur. Sed posuere consectetur est at lobortis. Integer posuere erat a ante venenatis dapibus posuere velit aliquet. Fusce dapibus, tellus ac cursus commodo, tortor mauris condimentum nibh, ut fermentum massa justo sit amet risus. Sed posuere consectetur est at lobortis. Donec ullamcorper nulla non metus auctor fringilla.</p>"}}, {"model": "blog.blogindexpage", "pk": 4, "fields": {"intro": "<h5>JavaScriptor Dixit</h5><p></p><hr/><p></p><h5>Liefste lezers</h5><p>Met de nodige trots presenteer ik jullie de allereerste Mowgli.\u00a0</p><p><br/></p><p><br/></p><p><br/></p><p>Dixit Stanneman,</p><p>WINAK (Java)Scriptor \u00a0 \u00a0 \u00a0 \u00a0 \u00a0 \u00a0 2017-2018</p>"}}, {"model": "home.homepage", "pk": 3, "fields": {}}]